Input Text Index,Tempo di inferenza,Uso CPU prima,Uso CPU dopo,Uso memoria prima,Uso memoria dopo,Score
1,2.28676700592041,13.0,23.3,2435022848,3178004480,1.577498197555542
3,2.364208698272705,12.3,26.0,3249389568,3201318912,15.28372859954834
4,2.650470018386841,30.8,46.6,3292987392,3323674624,30.347156524658203
6,2.082414150238037,19.9,34.0,3340763136,3267051520,1.5668333768844604
9,2.0712690353393555,26.3,36.0,3341221888,3286515712,1.72016441822052
11,2.2982993125915527,24.8,43.8,3360849920,3341123584,12.906193733215332
12,2.3757753372192383,18.9,29.7,3378937856,3161161728,19.494770050048828
14,0.7850689888000488,29.6,25.1,3256598528,3354902528,6.852205276489258
16,2.571230888366699,11.4,19.8,3335290880,3257008128,18.799549102783203
17,2.345111846923828,10.1,34.2,3271000064,3224567808,18.662471771240234
19,2.0138580799102783,21.8,28.1,3274014720,3255943168,1.6130317449569702
22,2.111328125,24.4,34.5,3280420864,3259645952,1.5153350830078125
25,2.0157692432403564,28.8,34.1,3318890496,3268952064,1.53059983253479
28,2.046759843826294,24.7,34.3,3340648448,3303587840,1.508989930152893
32,2.0068070888519287,23.3,34.4,3351920640,3341729792,1.5316673517227173
34,2.1733601093292236,26.0,34.4,3372023808,3301605376,11.25361442565918
35,2.1814959049224854,25.4,36.7,3322609664,3307716608,10.232500076293945
37,2.0567662715911865,22.0,32.3,3288596480,3206430720,1.4782521724700928
39,2.4085540771484375,25.8,36.1,3303129088,3279765504,21.685781478881836
41,2.025658130645752,27.8,36.6,3301048320,3274539008,1.6092418432235718
43,2.139080047607422,27.2,35.6,3299377152,3277668352,12.516298294067383
44,2.091826915740967,27.3,34.9,3314450432,3292725248,4.334076881408691
45,2.0634632110595703,24.5,36.0,3333652480,3304718336,6.829139232635498
46,2.175225019454956,29.3,36.9,3388882944,3302883328,13.931443214416504
47,2.114635944366455,22.5,34.5,3336437760,3255074816,6.166617393493652
48,2.2990341186523438,23.7,39.8,3343384576,3322822656,17.051158905029297
49,2.273258924484253,24.7,36.1,3276111872,3260891136,10.288213729858398
50,2.1077330112457275,29.1,41.3,3282190336,3272114176,7.286012649536133
52,2.1983530521392822,27.9,42.4,3275784192,3263168512,1.5185314416885376
54,2.3973522186279297,29.2,35.3,3313336320,3277078528,16.574251174926758
55,2.1503469944000244,17.3,38.1,3255386112,3291627520,4.8776702880859375
56,2.2382659912109375,29.0,38.1,3272982528,3290644480,8.33740520477295
57,2.276304006576538,19.3,35.5,3265609728,3267395584,15.473539352416992
58,2.063878297805786,16.9,37.8,3254140928,3212197888,4.955467700958252
59,2.2200498580932617,24.8,38.3,3290431488,3283501056,7.3782429695129395
61,2.055424928665161,25.1,35.5,3285336064,3323265024,1.6349561214447021
63,2.325706958770752,20.3,35.3,3304521728,3257909248,14.402159690856934
65,2.03309965133667,13.8,36.1,3265413120,3236839424,1.61923348903656
67,2.262054920196533,22.2,35.2,3292397568,3269525504,16.403217315673828
68,2.246901750564575,22.0,37.9,3282436096,3204661248,8.539945602416992
69,2.0824172496795654,22.1,36.2,3179937792,3212427264,5.699117660522461
70,2.1421759128570557,24.0,33.8,3219177472,3233366016,11.841460227966309
72,2.0295870304107666,21.2,34.6,3223896064,3242622976,2.1825356483459473
74,2.11332106590271,27.7,35.6,3229499392,3259875328,4.503011226654053
76,2.075366735458374,22.0,34.9,3244605440,3248308224,1.4975627660751343
78,2.2023351192474365,18.2,34.8,3252338688,3232120832,12.256758689880371
79,2.102025032043457,16.4,36.4,3217375232,3185508352,9.776741027832031
81,2.0371696949005127,27.5,35.3,3215638528,3222552576,1.7070358991622925
83,2.1791720390319824,24.2,35.3,3260645376,3207135232,16.359317779541016
84,2.1243441104888916,16.7,35.7,3222454272,3180150784,10.873873710632324
85,2.170161247253418,22.4,36.9,3198107648,3195273216,10.121783256530762
87,2.0384838581085205,25.2,35.5,3213164544,3206938624,1.6665583848953247
89,2.475234031677246,29.4,35.1,3256385536,3209379840,55.70322799682617
90,2.1851909160614014,18.5,34.0,3206299648,3156164608,15.85236644744873
91,2.0853660106658936,21.8,37.3,3189653504,3228385280,4.785959720611572
92,2.3405771255493164,25.4,44.2,3231694848,3091611648,10.875533103942871
94,2.1710762977600098,23.3,35.8,3042508800,3202088960,1.49267578125
96,2.3397791385650635,23.9,42.0,3205103616,3186786304,6.937716960906982
97,2.3889846801757812,28.8,32.7,3055206400,3189407744,10.050558090209961
98,2.344994068145752,23.1,46.5,3189014528,3159080960,32.94000244140625
99,2.670206069946289,42.1,46.2,2971598848,3135569920,20.870267868041992
100,2.3577027320861816,29.4,36.2,3137880064,3185459200,16.359594345092773
101,2.250018835067749,30.0,41.6,3083370496,3266150400,7.695566654205322
103,2.2115790843963623,40.2,34.0,3214032896,3117973504,1.8706438541412354
105,2.20343279838562,25.8,37.1,3193372672,3201449984,9.166712760925293
106,2.9309070110321045,20.3,33.9,3195764736,3164323840,23.840721130371094
107,2.695448160171509,11.1,35.9,3168387072,3175317504,23.90966033935547
109,2.1054887771606445,25.9,36.7,3167436800,3145138176,1.4546935558319092
111,2.467276096343994,21.0,36.2,3193946112,3172892672,22.749658584594727
112,2.207977056503296,20.3,36.6,3079127040,3191324672,17.388017654418945
113,2.3609941005706787,32.0,35.8,3121184768,3193978880,58.46875
116,2.0622646808624268,31.4,35.2,3183771648,3165700096,3.2376058101654053
118,2.26008677482605,25.7,49.7,3176579072,3147579392,13.289958000183105
119,2.362445116043091,33.8,34.8,3108552704,3191341056,11.823958396911621
120,2.956078052520752,21.1,67.6,3193716736,2982117376,12.241368293762207
121,2.4168689250946045,53.8,72.7,2900901888,3147448320,6.34414005279541
123,2.3975372314453125,42.8,34.2,3145236480,3111878656,1.804862141609192
125,2.483665943145752,24.1,36.5,3155476480,3167698944,15.128449440002441
126,2.5254321098327637,19.1,37.5,3273441280,3197517824,8.938076972961426
128,2.216391086578369,21.0,37.2,3159064576,3186753536,1.786853313446045
130,2.696018934249878,22.7,42.6,3202072576,3163717632,22.311952590942383
131,1.9289720058441162,12.8,36.7,3172302848,3186343936,23.59504508972168
133,2.086616039276123,20.4,31.4,3205955584,3185360896,1.681821346282959
135,2.574287176132202,26.0,34.9,3248406528,3227598848,10.809771537780762
136,2.4148149490356445,14.1,34.4,3191373824,3187785728,11.078276634216309
138,2.0845789909362793,14.5,35.1,3186671616,3187785728,1.6169785261154175
140,2.1870691776275635,25.9,34.9,3211968512,3254386688,10.592558860778809
141,2.3865060806274414,20.9,35.7,3242213376,3259613184,14.911467552185059
142,2.2699408531188965,19.5,36.9,3217309696,3191521280,18.689441680908203
143,2.3108088970184326,17.6,34.7,3220930560,3231072256,17.373701095581055
145,2.1419918537139893,14.7,36.4,3220979712,3274096640,1.7243001461029053
147,2.488905906677246,25.5,34.0,3278929920,3188523008,20.045852661132812
149,2.058912992477417,19.8,34.6,3178545152,3188981760,1.6817548274993896
151,2.0582451820373535,21.4,35.2,3233431552,3292413952,1.2787065505981445
152,2.0762460231781006,21.3,36.1,3280437248,3267330048,1.870891809463501
153,2.0829250812530518,28.1,36.8,3256680448,3289874432,1.8323527574539185
155,2.059731960296631,21.5,34.2,3280896000,3244589056,1.769526720046997
157,2.04580020904541,23.3,35.5,3280814080,3290185728,4.481825828552246
158,2.0487167835235596,22.8,34.8,3280650240,3276210176,2.5500378608703613
159,2.0259580612182617,28.6,35.3,3285434368,3269001216,2.6468021869659424
160,0.9465961456298828,21.4,22.5,3295805440,3284811776,7.172631740570068
161,2.3440420627593994,18.5,35.8,3238133760,3296968704,2.3667125701904297
162,2.0546109676361084,21.2,36.5,3302129664,3289563136,4.578849792480469
163,0.7059400081634521,27.4,22.1,3262709760,3284631552,6.26153039932251
164,2.6127500534057617,16.1,43.7,3277651968,3269984256,2.5535969734191895
165,2.116689920425415,20.7,40.4,3293478912,3264299008,3.3556230068206787
167,2.085301160812378,25.1,42.7,3278045184,3180658688,1.5548498630523682
170,2.3917670249938965,36.2,43.7,3127279616,3296952320,1.5541820526123047
173,2.0753979682922363,23.6,36.9,3271262208,3304046592,1.7006996870040894
177,2.06371808052063,23.5,34.9,3282878464,3280191488,2.177809476852417
179,2.3299050331115723,25.7,64.5,3244720128,2963079168,12.889913558959961
180,2.3202250003814697,72.7,39.6,2725609472,3153674240,18.69312286376953
182,2.226707935333252,20.3,38.2,3129999360,3272458240,1.4940907955169678
184,2.208839178085327,21.3,37.0,3280551936,3312418816,9.50277042388916
185,2.416853904724121,21.2,34.3,3313745920,3294019584,16.82787322998047
186,2.349019765853882,24.9,38.0,3299295232,3266314240,19.572118759155273
187,2.5588250160217285,24.8,34.9,3287941120,3244408832,13.143840789794922
189,2.0656559467315674,18.8,34.6,3255566336,3258269696,1.6972590684890747
191,2.7616798877716064,24.8,35.7,3292512256,3280617472,23.04816436767578
192,2.4108870029449463,19.9,40.2,3276079104,3276292096,11.976317405700684
193,2.4586181640625,24.5,37.7,3265019904,3267100672,13.75582504272461
195,2.4032552242279053,25.9,43.1,3173662720,3209756672,1.5904713869094849
197,3.067214012145996,34.0,42.4,3068477440,2895527936,17.7197322845459
198,2.6831002235412598,24.4,40.5,2965667840,3163422720,14.465744972229004
200,2.4867231845855713,22.2,43.9,3179888640,2957836288,1.6122381687164307
202,2.781670093536377,29.2,39.8,2941763584,3091841024,19.403409957885742
203,2.8587698936462402,24.2,48.8,2944843776,2990178304,14.566397666931152
204,3.216956853866577,35.0,35.1,2882158592,3113680896,12.978132247924805
205,2.6892080307006836,17.9,37.2,3087548416,3237511168,15.862971305847168
206,2.763561964035034,29.3,40.4,3268018176,3186376704,24.29706382751465
208,2.3457229137420654,22.7,37.9,3052093440,3326754816,1.5320745706558228
210,2.834367036819458,27.3,38.2,3337191424,3041804288,12.470417976379395
211,2.5485329627990723,20.4,40.1,3030990848,3222814720,21.50916290283203
213,2.213413953781128,22.0,42.7,3207593984,3211902976,1.9223216772079468
215,2.8363430500030518,27.2,38.5,3190177792,3224551424,16.020700454711914
217,2.5216171741485596,23.4,51.7,3255894016,3032662016,1.5748088359832764
219,3.257875919342041,33.1,41.4,2953265152,3057221632,17.133956909179688
221,2.3749372959136963,23.7,51.3,3074211840,3033841664,1.88052237033844
223,2.9305121898651123,44.2,44.2,2919202816,3212558336,21.38515853881836
225,2.22473406791687,25.8,38.2,3197992960,3217817600,1.7634576559066772
227,2.402693033218384,22.8,36.2,3273244672,3217784832,19.814802169799805
229,2.057220220565796,13.3,36.0,3255320576,3208069120,1.8505821228027344
231,2.3814280033111572,24.6,35.5,3280289792,3287285760,17.07520866394043
232,2.3535568714141846,24.9,34.0,3272474624,3280814080,12.973417282104492
233,2.1639068126678467,20.8,43.4,3299901440,3284189184,9.950788497924805
235,2.0834200382232666,35.3,35.8,3281518592,3293085696,1.6131680011749268
237,2.2554121017456055,23.8,35.5,3328360448,3236724736,18.385095596313477
238,2.3972859382629395,28.8,34.3,3295641600,3162112000,11.646735191345215
240,2.0744009017944336,18.9,36.2,3188310016,3220750336,1.5446135997772217
243,2.033522367477417,22.1,34.6,3249029120,3245522944,1.5102598667144775
245,2.6283318996429443,27.5,34.6,3319676928,3159015424,21.761409759521484
247,2.0650570392608643,21.9,33.4,3177218048,3115597824,1.6564998626708984
249,2.2381889820098877,25.2,35.3,3215654912,3287154688,13.090665817260742
250,2.025834083557129,24.1,36.8,3236839424,3206397952,26.057437896728516
251,2.176346778869629,25.4,35.9,3292315648,3224125440,11.764456748962402
252,2.256265878677368,24.7,34.6,3246653440,3243212800,12.980121612548828
254,2.0730338096618652,20.2,35.4,3232268288,3242672128,1.9805632829666138
256,2.5437469482421875,22.8,34.7,3252371456,3178758144,21.507431030273438
257,2.4001569747924805,14.7,35.0,3199533056,3198697472,20.7620906829834
258,2.431818962097168,20.8,33.6,3226435584,3217735680,24.64009666442871
259,2.343355178833008,17.4,35.4,3182116864,3212410880,15.979604721069336
260,2.4035260677337646,17.2,36.2,3218489344,3182542848,22.657377243041992
261,2.0867919921875,17.9,35.9,3185344512,3200778240,24.303449630737305
264,2.0808959007263184,26.7,34.4,3170435072,3218571264,1.8012992143630981
266,2.3100481033325195,26.3,34.5,3246899200,3219062784,10.070886611938477
267,2.210852861404419,20.8,35.3,3265150976,3204775936,7.715543746948242
269,2.0917181968688965,21.2,37.7,3216621568,3214868480,1.562734842300415
271,2.4651341438293457,31.3,35.5,3277012992,3187998720,11.558149337768555
272,2.2344119548797607,12.9,36.8,3171418112,3203104768,10.407979011535645
274,2.061081886291504,21.4,35.2,3187097600,3160145920,1.5056513547897339
276,2.5618908405303955,25.3,34.7,3240312832,3096018944,28.31829261779785
277,2.49157977104187,18.6,34.0,3047489536,3155083264,20.04611587524414
278,2.160088062286377,17.6,36.6,3171975168,3188572160,8.543437957763672
279,2.367594003677368,21.1,34.6,3222781952,3164651520,15.417304992675781
280,2.1772677898406982,17.9,34.7,3186245632,3198091264,7.936914443969727
282,2.0935680866241455,21.3,34.8,3204907008,3213983744,1.5964925289154053
284,2.3039019107818604,18.6,34.3,3199025152,3241541632,9.556583404541016
285,1.6756129264831543,20.6,23.4,3235643392,3145662464,9.032602310180664
286,2.5322680473327637,27.6,35.1,3221438464,3151659008,16.531435012817383
287,2.2122740745544434,19.2,35.5,3167059968,3183804416,20.605670928955078
288,2.2372069358825684,20.9,35.8,3199336448,3171500032,9.428295135498047
290,2.0530149936676025,18.0,35.0,3202646016,3173990400,1.4548884630203247
292,2.216442108154297,23.5,35.6,3230023680,3181871104,11.51515007019043
295,2.1125612258911133,23.6,36.0,3164078080,3211657216,1.9118385314941406
297,2.275524139404297,20.2,34.5,3189342208,3164553216,12.098250389099121
298,2.2864975929260254,22.2,35.8,3138912256,3077816320,13.765115737915039
299,2.214895009994507,31.4,36.4,3029843968,3114778624,8.929012298583984
301,2.140389919281006,28.7,36.9,3107733504,3156131840,1.9314085245132446
303,2.628077983856201,20.7,35.3,3177037824,3127148544,14.18405818939209
304,2.4842710494995117,14.4,35.2,3111452672,3084599296,16.45621681213379
306,2.0959632396698,15.2,34.9,3079716864,3044442112,1.8376390933990479
308,2.403157949447632,27.4,36.7,3170795520,3089645568,16.237903594970703
309,2.634225845336914,17.1,46.1,3095527424,2917777408,14.6621675491333
310,2.6369857788085938,22.1,34.5,2923315200,3120300032,14.304574966430664
311,2.62693190574646,25.4,35.2,3134062592,3118383104,28.714290618896484
312,2.6114940643310547,21.4,34.7,3131785216,3134406656,20.53396224975586
313,2.256971836090088,16.4,35.7,3106865152,3129393152,17.3444766998291
314,2.4578850269317627,17.0,46.6,3149250560,3024814080,15.50112247467041
316,2.1360650062561035,26.8,35.1,2963488768,3080503296,1.5122781991958618
318,2.09614896774292,27.8,38.4,3196289024,3227762688,3.6612861156463623
319,2.2545368671417236,19.9,34.8,3228499968,3207987200,13.319125175476074
322,2.0829131603240967,20.6,35.9,3232989184,3272884224,2.1292035579681396
324,2.471892833709717,19.1,77.5,3289251840,3047800832,5.372458457946777
325,2.483916997909546,80.9,61.7,2843099136,3151134720,7.901317119598389
326,2.321985960006714,56.1,36.9,3143073792,3126722560,6.98531436920166
328,2.242445945739746,20.9,45.8,3146825728,3184050176,1.4940907955169678
331,2.311873197555542,26.9,44.5,3118596096,3172270080,1.8554797172546387
333,2.729137897491455,28.4,36.0,3021963264,3104473088,14.031174659729004
334,2.898469924926758,12.8,39.4,3091169280,2973401088,14.645272254943848
336,2.2141799926757812,29.9,45.5,2868625408,3164258304,1.6845413446426392
338,2.5510740280151367,25.0,35.8,2978693120,3152592896,11.454336166381836
339,2.371335029602051,23.7,36.5,3148333056,3131539456,11.343551635742188
341,2.116023063659668,18.9,37.3,3169992704,3198763008,1.5407655239105225
343,2.677030086517334,23.1,33.5,3193143296,3171254272,12.244573593139648
344,2.3841331005096436,11.3,35.7,3177365504,3240181760,11.28943920135498
345,2.668225049972534,21.6,35.5,3177660416,3199500288,14.799676895141602
347,2.133633613586426,12.2,35.6,3220078592,3265839104,1.9006861448287964
349,2.4608819484710693,20.2,35.1,3273392128,3252649984,15.40114688873291
350,2.28722882270813,21.0,41.2,3228942336,3208265728,15.524426460266113
351,2.2864019870758057,23.4,36.8,3223699456,3225272320,14.04458236694336
352,2.4035568237304688,23.8,38.1,3246309376,3167682560,8.85276985168457
353,2.290091037750244,14.2,36.6,3229548544,3207168000,18.606292724609375
355,2.105562925338745,26.4,35.3,3227779072,3253993472,1.7629891633987427
357,2.272489309310913,23.8,34.2,3281534976,3156705280,13.43514347076416
358,2.3407931327819824,23.1,33.6,3147087872,3262775296,15.838051795959473
359,2.5608749389648438,15.9,34.6,3283730432,3213557760,15.71451473236084
360,2.347623109817505,19.2,43.8,3244015616,3301736448,18.268173217773438
361,2.3954501152038574,25.5,35.3,3221094400,3308830720,13.344413757324219
362,2.3841159343719482,16.5,35.4,3303571456,3284615168,21.668045043945312
363,2.285551071166992,17.2,39.3,3313582080,3259891712,14.140703201293945
364,2.413188934326172,21.7,34.1,3294576640,3281879040,17.297666549682617
365,2.6427159309387207,21.0,35.9,3277586432,3236397056,21.689960479736328
367,2.196150064468384,18.3,36.1,3254517760,3246604288,2.8633363246917725
369,2.5758509635925293,20.7,35.8,3292856320,3224502272,14.018391609191895
370,2.322782278060913,18.4,35.8,3254960128,3262496768,11.137052536010742
371,2.4625470638275146,26.7,39.2,3308896256,3236888576,16.313583374023438
372,2.2950029373168945,14.7,40.7,3246145536,3226812416,11.929418563842773
373,2.437039852142334,27.4,34.2,3256041472,3228991488,18.91776466369629
374,2.603308916091919,17.9,32.8,3214606336,3221225472,28.83816909790039
376,2.148926258087158,20.7,35.6,3230924800,3229745152,3.46077823638916
378,2.528290033340454,25.8,34.2,3239870464,3194863616,17.48419189453125
379,2.3451809883117676,16.4,35.0,3202007040,3216883712,14.9677734375
380,2.378679037094116,22.7,35.3,3207266304,3191783424,19.281484603881836
381,2.523751735687256,20.2,45.1,3230564352,3200598016,22.185791015625
383,2.151409864425659,23.6,35.5,3209314304,3243622400,1.5674909353256226
385,2.4258852005004883,22.8,38.0,3250995200,3224289280,16.55105972290039
386,2.3870809078216553,23.9,35.0,3109945344,3202777088,13.892662048339844
387,2.485643148422241,21.2,39.0,3152576512,3193274368,15.007580757141113
388,2.328622817993164,19.3,36.3,3211427840,3174891520,9.205397605895996
390,2.156266927719116,18.1,35.9,3187146752,3230564352,1.7705495357513428
392,2.3988490104675293,43.6,41.1,3224485888,3215261696,17.08542251586914
393,2.5645978450775146,32.1,56.1,3101818880,3100295168,13.968596458435059
394,2.486114025115967,30.1,33.5,3118432256,3211214848,18.658422470092773
396,2.0748589038848877,16.7,35.8,3216949248,3228090368,2.117884874343872
398,2.4148130416870117,23.0,33.8,3267018752,3202007040,16.78154945373535
399,2.346029043197632,14.4,39.5,3209822208,3241000960,19.536523818969727
400,2.268203020095825,14.5,34.8,3251912704,3217326080,14.727876663208008
401,2.3508858680725098,18.7,35.1,3238854656,3258548224,18.26692771911621
402,2.412984848022461,22.7,35.4,3260874752,3216654336,23.51041030883789
403,2.4625511169433594,19.5,40.8,3232088064,3202580480,20.471412658691406
404,2.230630874633789,18.4,34.9,3220684800,3208069120,16.033035278320312
406,2.1125340461730957,24.2,35.0,3232759808,3273441280,1.6969013214111328
408,2.2817399501800537,20.2,40.7,3278716928,3266641920,16.395612716674805
409,2.288372039794922,16.4,39.4,3242115072,3214557184,18.697860717773438
410,2.3517541885375977,21.2,34.7,3238608896,3187326976,15.451711654663086
411,2.219736099243164,15.2,35.6,3225763840,3203334144,17.161741256713867
413,2.069524049758911,24.3,35.1,3233480704,3241820160,2.5232293605804443
415,2.3039982318878174,26.6,39.9,3265871872,3227090944,19.145069122314453
416,2.2658660411834717,22.7,32.5,3232464896,3162439680,11.545117378234863
417,2.3957359790802,28.1,34.1,3228106752,3185328128,15.565179824829102
419,2.1170451641082764,20.0,36.9,3234152448,3206053888,1.918641209602356
421,2.1955080032348633,21.3,40.1,3232120832,3227582464,9.10721206665039
422,2.234168291091919,18.5,36.6,3235758080,3199303680,9.049766540527344
423,2.5151002407073975,19.7,33.0,3223846912,3202678784,15.883240699768066
424,2.309636116027832,18.2,34.6,3148054528,3183968256,13.692682266235352
425,2.5455727577209473,20.0,39.5,3199926272,3179970560,16.434608459472656
426,2.897495746612549,37.5,58.5,3131588608,2931965952,14.021894454956055
427,3.118669271469116,68.1,65.0,2871918592,2983116800,12.09572696685791
429,2.5160257816314697,63.9,73.3,2878324736,3090006016,3.594076156616211
431,2.6808478832244873,62.3,87.2,2882404352,2842951680,18.286184310913086
432,2.5337038040161133,73.3,81.5,2719924224,3078504448,13.558791160583496
433,2.7425408363342285,64.4,73.7,2876407808,3001384960,16.368911743164062
434,2.384856939315796,64.3,52.0,2837118976,3073474560,5.742270469665527
436,2.3441710472106934,43.9,63.3,3108831232,3095756800,1.9017624855041504
438,2.6164612770080566,49.9,55.4,2823766016,3025256448,12.568557739257812
440,2.5648560523986816,58.0,49.2,3058368512,3045638144,1.5122781991958618
442,2.562448740005493,42.7,39.9,2940731392,3000270848,9.357002258300781
443,2.547827959060669,26.5,39.7,2875277312,3104276480,13.145319938659668
444,2.6704299449920654,37.5,42.8,3126116352,2945466368,14.230979919433594
447,2.3107051849365234,38.6,39.3,2830008320,3107536896,1.5159562826156616
449,2.32893705368042,34.4,40.5,3155066880,3125133312,9.543240547180176
450,2.3191170692443848,27.6,39.2,3085320192,3134193664,9.160038948059082
452,2.2309281826019287,34.3,43.3,3166896128,3186688000,1.5070292949676514
455,2.261461019515991,33.5,40.0,3137486848,3135193088,3.2930026054382324
457,2.4405791759490967,27.2,34.5,3163504640,3154526208,19.431659698486328
458,2.4689443111419678,28.3,44.1,3145531392,3117154304,16.682533264160156
460,1.1419188976287842,28.5,37.5,3132981248,3083501568,6.708136081695557
462,2.8863470554351807,29.1,38.5,3066281984,3061268480,13.500615119934082
463,2.344505786895752,26.4,39.7,3089973248,3005579264,12.234847068786621
464,2.432704210281372,33.2,40.0,2943008768,3077963776,13.269457817077637
466,2.166161298751831,27.4,48.3,3100180480,3167191040,2.1209280490875244
468,2.3791308403015137,43.4,39.6,2911109120,3116007424,12.528778076171875
470,2.1534321308135986,33.1,41.4,3135881216,3134046208,3.901064395904541
472,2.559736728668213,39.2,37.8,2921709568,3111960576,17.570770263671875
473,2.626847982406616,29.5,36.8,3097591808,3035889664,18.08971405029297
474,2.264885425567627,29.9,40.1,3046440960,3094773760,5.83339786529541
475,2.3433570861816406,30.3,42.9,3168157696,3206299648,9.137336730957031
477,2.1318039894104004,35.6,37.8,3209248768,3185344512,1.5208574533462524
480,2.223189115524292,32.3,41.5,3193487360,3145547776,2.807842969894409
482,2.352774143218994,36.0,39.0,3112337408,3046293504,13.9108247756958
483,2.250262975692749,32.8,45.0,3141173248,3138256896,8.947025299072266
485,2.2117812633514404,40.4,42.9,3164717056,3132473344,1.5363705158233643
487,2.3769588470458984,28.9,42.7,3188998144,3118186496,11.512883186340332
489,2.193068027496338,34.6,40.8,3111895040,3079094272,1.6172316074371338
491,2.197202205657959,35.8,39.5,3170025472,3181002752,4.867434978485107
492,2.232465982437134,34.5,40.3,3145695232,3117842432,3.8844430446624756
493,2.1849100589752197,42.5,39.0,3140157440,3116384256,3.5505528450012207
494,2.2562739849090576,32.1,35.9,2956656640,3109142528,2.7426669597625732
496,2.123734951019287,28.7,41.1,3136077824,3112239104,1.6190590858459473
498,2.3188421726226807,28.9,39.5,3162701824,3134947328,4.544644355773926
499,2.1032309532165527,28.8,37.2,3070148608,3063824384,4.443574905395508
500,2.1405980587005615,29.6,37.5,3136421888,3087663104,4.6807966232299805
501,2.1933951377868652,26.9,38.0,3160948736,3168403456,3.7307960987091064
502,2.222180128097534,32.5,40.0,3177447424,3062038528,4.694604396820068
503,2.214035987854004,31.3,43.0,2963816448,3137224704,3.1748857498168945
504,2.3118109703063965,31.4,39.8,3115810816,3138945024,3.837008237838745
505,2.286842107772827,32.7,44.8,3121348608,3120807936,3.734734296798706
506,1.104923963546753,32.4,44.6,3036921856,3110060032,4.014379501342773
507,2.3649489879608154,39.5,44.2,3101933568,3123478528,3.1974260807037354
508,2.1295089721679688,28.8,42.6,2983313408,3125035008,3.099811315536499
509,2.1501221656799316,31.2,40.5,3166420992,3116941312,2.88222599029541
511,2.114177942276001,35.7,42.6,3162537984,3152035840,1.5233304500579834
514,2.151674747467041,32.3,43.4,3153887232,3152642048,1.5655263662338257
516,2.1452291011810303,33.7,46.9,3173400576,3146301440,1.7081072330474854
517,2.122055768966675,32.3,37.8,3184328704,3103948800,3.219435453414917
518,2.2469959259033203,33.6,39.4,3069001728,3112927232,1.4844331741333008
519,0.8048200607299805,40.5,39.2,3038216192,3083403264,4.633584022521973
520,2.3260669708251953,27.9,51.8,2979119104,3117465600,2.28305983543396
521,2.239577293395996,40.8,39.3,2929868800,3135651840,2.0904934406280518
522,2.1586549282073975,37.0,53.0,3072049152,3089907712,2.5125482082366943
523,0.7425506114959717,35.4,40.6,2975514624,3102818304,5.138799667358398
524,0.7818670272827148,29.1,47.8,3093987328,3116220416,5.268299579620361
525,0.8214449882507324,33.1,48.0,3125018624,3154968576,4.891382694244385
526,2.4301791191101074,33.6,62.3,3136847872,2951856128,1.995345950126648
527,0.9044756889343262,29.9,37.7,2871443456,3077537792,5.071267604827881
530,2.4484691619873047,34.6,48.1,3116695552,3121037312,1.6173160076141357
532,2.5263431072235107,40.2,42.7,2974629888,3108061184,12.418431282043457
533,2.3337128162384033,41.1,50.3,3120250880,3133014016,10.617932319641113
534,2.474045991897583,46.4,52.7,3079602176,2968993792,8.840198516845703
536,2.2674238681793213,50.4,51.0,2907144192,3107651584,1.702085018157959
538,2.3107640743255615,37.5,43.8,3119529984,3107684352,10.218167304992676
540,2.3304049968719482,50.4,39.3,3089121280,3092611072,1.7171202898025513
542,2.3013017177581787,40.2,44.3,3097608192,3000320000,7.264621257781982
543,2.542220115661621,39.6,46.9,2906685440,3057614848,15.401426315307617
544,2.4628798961639404,35.7,44.8,2845523968,3071164416,8.131152153015137
546,2.2511072158813477,31.1,42.8,3098787840,3119267840,1.7776823043823242
548,2.755244016647339,34.4,38.1,3127623680,3100164096,39.74781799316406
550,2.1889419555664062,27.5,44.1,3124248576,3088646144,1.707293152809143
552,2.315068006515503,32.2,40.4,3178774528,3117629440,59.468162536621094
553,2.418771982192993,33.8,37.6,3187638272,3133571072,18.24342918395996
554,2.367793321609497,30.2,50.2,3140927488,3152658432,15.748443603515625
555,2.2620699405670166,33.4,38.9,3140222976,3084648448,13.686850547790527
557,2.161543130874634,34.0,36.8,3143008256,3114385408,2.298527717590332
559,2.303698778152466,27.7,37.9,3173105664,3168845824,8.018472671508789
560,2.325629949569702,31.9,40.3,3155755008,3102638080,16.057266235351562
561,2.8103649616241455,33.4,41.5,3103866880,3011788800,27.339372634887695
562,2.4814469814300537,40.4,38.5,2855944192,3075915776,12.026591300964355
564,2.166264772415161,33.3,45.1,3101016064,3107454976,3.4765095710754395
566,2.3892369270324707,34.9,41.1,3046260736,3082338304,12.169511795043945
567,2.449906826019287,29.8,43.7,3126165504,2978267136,14.759626388549805
568,2.3171801567077637,35.8,41.3,3004039168,3035824128,10.262487411499023
569,2.420422077178955,34.4,55.1,3010314240,2915434496,13.677735328674316
570,2.4729061126708984,39.2,40.2,2898935808,3078619136,15.061229705810547
571,2.2996718883514404,34.8,47.6,3106848768,3023192064,17.68719482421875
572,2.5259969234466553,40.5,42.8,2954395648,2984296448,22.088071823120117
573,2.444326162338257,41.3,50.8,2965979136,3087532032,11.961549758911133
575,2.1756532192230225,35.5,41.9,3075244032,3085484032,2.3240346908569336
577,2.300670862197876,30.1,45.9,3135913984,3098722304,7.044869422912598
578,2.303692102432251,36.9,45.3,3080650752,3018113024,10.757862091064453
579,2.4104549884796143,41.9,45.2,2989359104,3101163520,11.833696365356445
580,2.4781854152679443,30.9,41.5,3073572864,3091906560,13.872715950012207
581,2.2336010932922363,32.5,46.7,3099131904,3115827200,5.390696048736572
583,2.202277898788452,29.4,39.7,3140812800,3107799040,1.8734220266342163
585,2.4601891040802,38.5,45.4,3139895296,3090186240,16.363832473754883
587,2.1975061893463135,28.1,45.8,3106619392,3051962368,1.7525837421417236
589,2.419374704360962,55.8,54.8,2806513664,3032023040,5.434788703918457
590,2.377760171890259,47.4,40.3,3097870336,3037609984,17.630680084228516
591,2.356170177459717,41.4,37.0,2984640512,3117334528,10.73626708984375
592,2.161930799484253,31.0,35.9,2965225472,3067133952,5.302736759185791
594,2.1006922721862793,31.6,37.3,3116089344,3068641280,1.8890897035598755
596,2.2575950622558594,26.4,35.1,3127132160,3072294912,10.196574211120605
597,2.2310400009155273,31.2,37.1,3091644416,3082600448,15.126311302185059
598,2.3081727027893066,27.0,35.3,3114024960,3098034176,16.345870971679688
599,2.401942014694214,25.0,37.8,3147186176,2980872192,15.247496604919434
600,2.405956983566284,25.3,36.8,3006152704,3083354112,63.607139587402344
601,2.230152130126953,33.3,39.2,3123281920,3100082176,7.8297529220581055
602,2.458925724029541,27.3,35.3,3035037696,3059482624,20.612638473510742
603,2.235224723815918,29.0,36.6,3063906304,3059875840,8.75558090209961
604,2.6968071460723877,27.7,35.2,3045441536,2965553152,51.31892395019531
605,2.36039400100708,33.9,39.1,2973368320,3073392640,13.116301536560059
606,2.2500998973846436,23.5,37.5,3020603392,3055271936,11.073969841003418
607,2.3073570728302,29.1,36.0,3053584384,3080192000,9.48550796508789
609,2.1421501636505127,20.9,38.9,3049324544,3072311296,1.9438260793685913
612,2.1733238697052,36.0,41.8,3094708224,3134291968,1.9630125761032104
614,2.292492151260376,28.0,37.3,3149611008,3107880960,9.25961685180664
615,2.1927738189697266,30.4,39.4,3061334016,3099656192,6.845730304718018
616,2.273761749267578,24.6,42.5,3068870656,3107078144,14.822965621948242
618,2.1455202102661133,33.5,36.9,2920792064,3028058112,3.0472519397735596
620,2.2887978553771973,30.5,36.5,3026681856,2988310528,8.211503028869629
621,2.4383020401000977,25.1,42.3,2941009920,2876866560,13.445051193237305
622,2.947402000427246,30.3,36.6,2854633472,3034349568,31.21173667907715
623,2.3466339111328125,24.9,37.1,3044442112,3044802560,14.90263557434082
625,2.102195978164673,28.5,36.6,3062857728,3135668224,1.6408592462539673
627,2.387535810470581,29.7,36.0,3182379008,3134717952,18.601829528808594
628,2.3676347732543945,25.8,35.6,3161604096,3130343424,18.281982421875
630,2.130603075027466,26.6,38.9,3151577088,3149135872,1.8758653402328491
632,2.149517059326172,28.3,40.0,3182559232,3163373568,3.925081729888916
634,2.104867935180664,25.5,40.8,3183558656,3202531328,2.7815637588500977
636,2.1221530437469482,29.2,40.0,3199385600,3200778240,7.283084392547607
637,2.2720389366149902,29.5,36.1,3171876864,3146448896,7.8736772537231445
638,2.4387381076812744,27.0,36.3,3168944128,3120807936,19.055803298950195
639,2.3167920112609863,23.0,36.6,3143942144,3064266752,19.077810287475586
640,2.3046679496765137,25.2,38.5,3086450688,3172433920,26.437990188598633
641,2.280013084411621,28.9,38.8,3198582784,3121053696,11.808810234069824
643,2.0920801162719727,29.3,39.7,3143467008,3116711936,1.970298409461975
645,2.2545437812805176,30.9,38.0,3168681984,3077292032,16.634258270263672
646,2.315548896789551,28.2,39.6,3123216384,3129360384,12.93335247039795
647,2.261685848236084,29.0,37.0,3114401792,3072688128,9.385628700256348
648,2.3983421325683594,27.9,35.1,3081682944,3109044224,13.198298454284668
649,2.2524449825286865,22.3,35.7,3118678016,3125952512,7.080189228057861
650,2.3192100524902344,31.8,36.4,3114893312,3152445440,20.924285888671875
652,2.1803579330444336,30.5,40.6,3154034688,3135995904,2.0535316467285156
654,2.3683788776397705,27.9,37.2,3171041280,3086254080,18.46536636352539
655,2.4044559001922607,27.4,37.7,3029581824,3059023872,16.64226722717285
656,2.4063191413879395,33.3,37.9,3120300032,2989244416,13.945131301879883
657,2.3819799423217773,30.2,38.2,2968961024,3096920064,13.219199180603027
658,2.544255018234253,27.3,40.2,2981281792,2949480448,40.419273376464844
659,2.298593044281006,23.4,39.4,2970796032,3092955136,12.463367462158203
661,2.125020742416382,29.8,48.9,3061039104,3141533696,1.5496585369110107
663,2.4999840259552,33.5,35.9,2891022336,3059744768,25.353755950927734
664,2.2038650512695312,30.0,39.2,3069837312,3057893376,3.4184811115264893
665,1.8387749195098877,30.2,41.1,2977103872,3015245824,5.731290340423584
666,2.2039151191711426,28.4,42.3,2947678208,3069411328,6.222370624542236
667,2.219438076019287,36.2,39.8,2862809088,3112058880,3.425389289855957
669,2.162093162536621,31.1,39.7,3052306432,3045851136,1.6165883541107178
671,3.0771539211273193,32.7,38.1,2954739712,2939387904,42.78669738769531
672,2.5590808391571045,20.5,34.7,2973351936,3035512832,22.738161087036133
673,2.5350539684295654,31.0,36.5,3045048320,3078144000,13.034799575805664
674,2.499091863632202,31.5,39.1,3075555328,3034710016,42.15953063964844
675,2.518563985824585,32.0,44.1,3046031360,3029565440,14.774518966674805
676,2.818506956100464,31.7,42.5,3061858304,2986115072,21.90840721130371
677,2.576073169708252,32.5,38.4,2873327616,3062562816,16.429954528808594
679,2.1867330074310303,25.0,43.3,3083845632,3084156928,1.9552360773086548
681,2.2117912769317627,30.4,38.3,3139485696,3050782720,7.666505813598633
682,2.346500873565674,28.1,45.8,3076440064,3071115264,9.0145845413208
683,2.2456531524658203,35.4,41.6,3076718592,3099148288,7.487163543701172
685,2.17183780670166,28.1,42.7,3020406784,3081109504,1.5574342012405396
687,2.2867281436920166,27.4,40.9,3123265536,3074293760,14.598662376403809
689,2.207051992416382,28.4,44.4,3009282048,3039789056,1.4971014261245728
691,2.2555160522460938,34.9,44.6,2906161152,3034415104,3.6679699420928955
692,2.121429920196533,32.8,38.6,3032268800,3018915840,3.692385196685791
693,2.1711409091949463,34.5,40.6,3010396160,3042525184,3.220780849456787
694,2.2085628509521484,30.4,43.7,3034808320,3046899712,3.353623867034912
695,2.128761053085327,40.2,44.2,2915778560,3015671808,3.5653741359710693
696,2.2439451217651367,31.1,39.5,2997698560,3015770112,5.264131546020508
697,2.2118980884552,31.8,41.3,3090071552,3083059200,6.321054458618164
698,2.2270491123199463,33.3,36.6,3028811776,3071115264,7.139157295227051
699,2.2730607986450195,33.4,39.9,2934456320,3083010048,9.483773231506348
700,2.178089141845703,32.6,38.2,3035398144,3038691328,5.2769551277160645
701,2.15558123588562,31.5,41.4,3082076160,3043311616,4.022914886474609
704,2.2854318618774414,37.0,39.5,2978168832,2979332096,1.9251083135604858
706,2.450939178466797,32.8,36.0,2916286464,3092955136,8.969161033630371
707,2.421855926513672,30.0,37.2,3044065280,3051700224,9.780837059020996
709,2.2932188510894775,36.1,37.3,2912632832,3082010624,1.4940907955169678
711,2.4485161304473877,35.1,36.7,2991554560,2944778240,12.093364715576172
712,2.3489179611206055,34.4,39.9,2912354304,2985230336,6.817448139190674
713,2.4255759716033936,29.6,38.9,2878947328,3039084544,8.058662414550781
714,2.2661471366882324,33.1,41.2,3080765440,3097083904,5.698930740356445
716,2.2754478454589844,32.3,39.5,2915909632,3043344384,1.5736746788024902
718,2.3115310668945312,44.8,39.6,2986213376,2982445056,10.158402442932129
719,2.4969236850738525,33.1,39.9,2961326080,3001073664,21.139869689941406
721,2.1957716941833496,34.4,47.0,3063300096,3037675520,1.511580467224121
723,2.4883840084075928,40.6,43.0,2898771968,2984181760,18.764326095581055
724,2.5219361782073975,28.5,40.2,2940207104,3036135424,17.2242374420166
725,2.265192985534668,22.0,37.1,3021127680,3075342336,10.477594375610352
726,2.4359848499298096,28.6,34.9,3017162752,3059761152,12.315211296081543
727,2.27175235748291,26.6,37.5,3040378880,3046506496,18.352739334106445
729,2.1831769943237305,28.5,38.6,3090366464,3042377728,1.515905737876892
731,2.718513250350952,31.2,39.9,3086155776,3042672640,23.073780059814453
734,2.144177198410034,24.1,38.1,3073556480,3048620032,2.165569305419922
736,2.337722063064575,27.2,34.6,3094888448,3061596160,9.918981552124023
737,2.3199520111083984,33.9,37.8,3020816384,3052830720,6.549681663513184
739,2.1185190677642822,25.3,38.4,3101458432,3099131904,1.6659233570098877
741,2.3582561016082764,30.6,37.9,3120594944,3070148608,13.520586967468262
742,2.4348549842834473,25.3,36.8,2934816768,2939650048,22.84107780456543
743,2.2066009044647217,27.5,43.7,2946809856,3066970112,6.123105525970459
744,2.1760730743408203,27.0,38.1,3090333696,3083141120,8.94691276550293
745,2.2644689083099365,38.4,42.6,3102638080,2923708416,7.813089370727539
746,2.2740869522094727,33.2,41.0,2861088768,3013754880,7.669341087341309
747,2.24155592918396,32.5,42.7,3054813184,3072196608,9.342272758483887
748,2.1989357471466064,30.9,37.3,3100360704,3069411328,5.109168529510498
750,2.1548097133636475,33.5,39.5,2975989760,3079192576,1.6687779426574707
752,2.209360122680664,29.5,38.3,3094544384,3005825024,8.038774490356445
753,2.1737349033355713,30.5,42.1,2989047808,3065053184,3.686826467514038
754,2.2079150676727295,32.5,38.5,3071836160,3081437184,7.050848007202148
755,2.2875049114227295,27.3,37.6,3025141760,3056648192,12.265438079833984
756,2.209949016571045,27.5,36.3,3051274240,3044081664,13.495485305786133
757,2.273488998413086,32.3,38.1,3067019264,3055616000,7.405272483825684
758,2.2660911083221436,28.6,34.8,3059449856,3053223936,73.54537963867188
759,2.2190299034118652,30.7,36.4,2987376640,3052224512,10.682695388793945
760,2.215312957763672,29.5,42.0,3017392128,2956640256,4.4127373695373535
762,2.235917091369629,30.1,47.2,2867478528,3103490048,1.7885009050369263
764,2.484326124191284,31.5,37.3,2931146752,3024961536,13.644256591796875
765,2.4525859355926514,28.7,39.1,3050029056,3095691264,11.35842514038086
766,2.429183006286621,29.8,38.8,2942910464,3026747392,8.700881004333496
768,2.2806789875030518,30.5,39.1,3068100608,3065856000,1.5559858083724976
770,2.422639846801758,34.2,35.1,2984214528,2981888000,7.803073883056641
771,2.2422549724578857,33.8,38.9,2941943808,3093807104,3.443833589553833
773,2.2541539669036865,33.5,36.2,2851782656,3102638080,1.515905737876892
775,2.4589619636535645,30.9,38.7,3093168128,2970648576,14.865952491760254
776,2.4932587146759033,29.8,34.3,2841870336,3046522880,18.262765884399414
777,2.440600633621216,31.7,38.0,3054632960,3020980224,16.376039505004883
778,2.8216843605041504,26.7,37.5,3035168768,2921971712,29.052419662475586
779,2.166651725769043,21.4,36.6,2927738880,3057958912,3.9990882873535156
781,2.1236631870269775,28.0,42.0,3042820096,3079421952,1.5648168325424194
783,2.2015380859375,35.2,39.0,3086254080,3072835584,4.875886917114258
784,2.357200860977173,27.9,39.4,3062185984,3030286336,13.63112735748291
785,2.3178000450134277,28.8,36.8,3026649088,2966142976,12.472734451293945
786,2.3987162113189697,28.6,39.7,3005906944,2954903552,15.39603328704834
789,2.2199149131774902,32.1,36.5,2999549952,3083485184,1.6360198259353638
791,2.513288974761963,27.5,38.1,3070361600,2870706176,12.351181983947754
792,2.3606960773468018,26.4,35.9,2833416192,3029811200,7.92160177230835
793,2.4031238555908203,27.5,39.6,3063316480,2954706944,8.252727508544922
795,2.18400502204895,32.9,45.6,2864054272,3080159232,1.4526944160461426
797,2.625504970550537,40.6,34.2,2841509888,3009019904,17.548999786376953
798,2.560652017593384,26.1,38.7,3043704832,3038920704,9.794679641723633
799,2.351357936859131,23.6,42.6,3059089408,3053551616,13.645974159240723
800,2.3291420936584473,33.0,38.5,3070820352,3053174784,11.553322792053223
801,2.7900679111480713,24.7,35.6,3027337216,3027812352,12.308175086975098
802,2.587033987045288,20.6,36.1,3028090880,2943516672,11.771134376525879
804,2.1367669105529785,25.9,36.9,2932080640,2985885696,1.6805766820907593
806,2.479027032852173,32.8,39.3,3000336384,2975219712,9.098719596862793
807,2.880509853363037,25.8,39.3,2998059008,2970976256,24.920425415039062
808,2.5101699829101562,24.7,42.5,2776023040,3009413120,20.089813232421875
809,1.6729578971862793,27.6,35.3,3070377984,3005087744,14.2271089553833
810,2.583158016204834,29.6,44.0,3072180224,3026419712,10.632974624633789
811,2.556216239929199,33.6,33.9,3068297216,2998108160,15.191082954406738
812,2.4051289558410645,24.4,38.8,2995830784,3085221888,17.085927963256836
813,1.1806800365447998,26.6,41.0,3026157568,3035987968,21.710494995117188
814,2.776681900024414,28.0,42.3,3023142912,2954887168,12.801458358764648
815,2.6498401165008545,22.5,34.9,2929426432,3049897984,17.805078506469727
816,2.502315044403076,27.5,36.3,3008987136,2921496576,13.709329605102539
817,0.9626040458679199,31.9,37.7,2849603584,3008331776,25.157583236694336
819,2.3567910194396973,29.6,45.3,3046031360,3024715776,1.6726125478744507
822,2.1516380310058594,33.2,36.4,2862923776,3085271040,2.1178441047668457
824,2.551935911178589,30.5,40.3,3021455360,2959998976,16.968103408813477
826,2.157209873199463,27.0,38.3,3028123648,3070427136,1.887962818145752
828,2.349332094192505,31.9,38.8,2936733696,3053633536,12.208077430725098
830,2.7728641033172607,40.7,37.8,2878095360,3059908608,1.6692792177200317
832,2.7327449321746826,25.9,36.1,3016704000,3053666304,21.571186065673828
833,2.315626859664917,15.7,35.5,3071328256,3088433152,12.083514213562012
834,2.2206408977508545,28.0,35.1,3037511680,3086794752,10.816033363342285
835,2.4757378101348877,19.7,35.3,3029958656,3043852288,14.295724868774414
837,2.086721181869507,20.1,33.9,3001073664,3003367424,1.4821255207061768
839,2.5188448429107666,25.8,35.3,3112386560,2971746304,7.904329776763916
840,2.160752296447754,19.6,36.0,2922594304,3057598464,1.5579285621643066
841,2.035651206970215,25.7,34.6,3075915776,3089711104,3.2467522621154785
842,2.037248134613037,25.8,37.1,3117694976,3052650496,1.674083948135376
843,2.095093011856079,26.9,38.2,3069280256,3036659712,2.1575543880462646
844,2.276546001434326,31.9,36.6,2901393408,3104161792,2.9134361743927
845,0.49127817153930664,22.1,23.0,3115171840,3124166656,17.949993133544922
846,2.4299089908599854,19.8,36.5,3134898176,3167567872,3.194796323776245
847,2.094951868057251,26.5,36.0,3151953920,3089154048,3.498706102371216
848,2.1169962882995605,28.9,35.4,3133358080,3132407808,3.873480796813965
849,2.197643995285034,24.2,37.3,3112779776,3094544384,2.9236514568328857
850,0.25006914138793945,24.1,23.6,3087663104,3108454400,34.47739028930664
851,0.30627989768981934,13.1,35.1,3075588096,3138093056,35.412841796875
852,2.0864741802215576,16.8,33.8,3102408704,3092545536,1.7100470066070557
853,2.162691116333008,26.4,44.4,3115237376,3132243968,2.2855217456817627
854,0.539686918258667,23.2,24.3,3115728896,3144155136,19.71749496459961
855,2.4240481853485107,21.7,36.5,3137503232,3125968896,2.4579968452453613
856,1.2629036903381348,24.0,23.5,3135422464,3071950848,5.559564113616943
857,2.3445630073547363,24.2,37.0,3089727488,3038756864,2.298316240310669
858,2.1191749572753906,21.6,35.0,3030958080,3143745536,3.246417999267578
859,0.3442811965942383,23.3,25.0,3169894400,3173498880,14.151175498962402
860,2.2332050800323486,12.3,29.7,3145564160,3139059712,3.2361462116241455
